<?xml version="1.0" encoding="UTF-8"?>
<!DOCTYPE tiles-definitions PUBLIC "-//Apache Software Foundation//DTD Tiles Configuration 3.0//EN"
	"http://tiles.apache.org/dtds/tiles-config_3_0.dtd">

<tiles-definitions>
  <definition name="layout" template="/WEB-INF/views/tiles/layout.jsp">
    <put-attribute name="nav" value="/WEB-INF/views/tiles/nav.jsp"/>
    <put-attribute name="footer" value="/WEB-INF/views/tiles/footer.jsp"/>
  </definition>
  
  <definition extends="layout" name="*">
    <put-attribute name="content" value="/WEB-INF/views/{1}.jsp"/>
  </definition>
  
  <definition extends="layout" name="*/*">
    <put-attribute name="content" value="/WEB-INF/views/{1}/{2}.jsp"/>
  </definition>
  
</tiles-definitions>